fontstyle,italic,Bold
VlqtgtAdvPTimes,0,0
FktwwqAdvPTimesB,0,1
TgkvlnAdvNPSTim-B,0,1
BfkxcmAdvPSSym,0,0
GhgnmdAdvPSSPS-AS,0,0
NbhgjyAdvSPRING-R,0,0
PkysmpAdvP4C4E74,0,0
FvggtbAdvPTimesI,1,0
TrjhxxAdvPSMP10,0,0
LvkjydAdvP4C4E51,0,0
MsjvrbAdvP4C4E59,0,0
MxwppxAdvP4C4E46,0,0
RvnccsAdvPSMP4,0,0
SkdqdcAdvPSMPE2,0,0
VmvhgjAdvPSMP13,0,0
VkjvmvAdvTir_symb,0,0
JlyvpvMyriadPro-Regular,0,0
TggkckMyriadPro-It,1,0
FtprclMyriadPro-Bold,0,1
JkbscwMyriadPro-Light,0,0
VdpvbqMyriadPro-Semibold,0,1
JtnwyvMTSY,0,0
DhgdqbWarnockPro-Regular,0,0
JfmtwlWarnockPro-Regular,0,0
LbpgltMTSYN,0,0
SyccdvCMEX10,0,0
GsbkccTimes-Roman,0,0
JndkfnWarnockPro-Regular,0,0
DhgqrjMTSYN,0,0
QxlwykWarnockPro-Regular,0,0
PxcljwMTSYN,0,0
QsxvxyWarnockPro-Regular,0,0
QddkjdWarnockPro-Regular,0,0
NbwpvmMTGU,0,0
KxxqpxCalibri,0,0
YqmmjlCalibri-Bold,0,1
SbbspmTimesNewRomanPSMT,0,0
YxdvvlTimesNewRomanPSMT,0,0
GlywkmTimesNewRomanPSMT,0,0
QnnfbqWarnockPro-Regular,0,0
GqdwjbMTSYN,0,0
YycvfrCMEX10,0,0
LshvcvMTMI,0,0
SscqygWarnockPro-It,1,0
RyrpftWarnockPro-It,1,0
PdpyvbTimesNewRomanPSMT,0,0
QxnmjvTimesNewRomanPSMT,0,0
JjjpytTimesNewRomanPSMT,0,0
BdfbgyMTMI,0,0
PglxvnSPSMTSYBBold,0,1
GdkxsmArialMT,0,0
HctmwgArial-BoldMT,0,1
PxxhgdArial-ItalicMT,1,0
AdvPTimes,0,0
AdvPTimesB,0,1
AdvNPSTim-B,0,1
AdvPSSym,0,0
AdvPSSPS-AS,0,0
AdvP4C4E74,0,0
AdvSPRING-R,0,0
TimesNewRomanPSMT,0,0
AdvPTimesI,1,0
AdvPSMP10,0,0
AdvTir_symb,0,0
MyriadPro-Regular,0,0
MyriadPro-It,1,0
MyriadPro-Bold,0,1
MyriadPro-Light,0,0
EuclidSymbol-Bold,0,1
MTSY,0,0
MyriadPro-LightIt,1,0
MyriadPro-Semibold,0,1
WarnockPro-Regular,0,0
WarnockPro-It,1,0
WarnockPro-Bold,0,1
ArialMT,0,0
Arial-BoldMT,0,1
MyriadPro-SemiboldIt,1,1
MyriadPro-BoldIt,1,1
EuclidSymbol-BoldItalic,1,1
WarnockPro-BoldIt,1,1
CqfwtpAdvPTimes,0,0
JclhgmAdvPTimesB,0,1
WrdcttAdvNPSTim-B,0,1
JcvnxqAdvPSSym,0,0
GqyvgyAdvP4C4E74,0,0
WpqtkdAdvPSSPS-AS,0,0
NrfsbpAdvSPRING-R,0,0
YfdskgAdvPTimesI,1,0
GsdwhrAdvTir_symb,0,0
GvfdshAdvPi1,0,0
RvkxggMyriadPro-Regular,0,0
TwncftMyriadPro-It,1,0
FsqfvyMyriadPro-Bold,0,1
QvryywMyriadPro-Light,0,0
VhrwtvMyriadPro-LightIt,1,0
MmjngyMyriadPro-Semibold,0,1
RpspwhWarnockPro-Regular,0,0
CswnvhWarnockPro-Bold,0,1
PpfrbgMTSYN,0,0
TwyytsMTMI,0,0
NmltsjWarnockPro-It,1,0
NpnmvnWarnockPro-Regular,0,0
LjthfpWarnockPro-It,1,0
YkclhxWarnockPro-It,1,0
RqkdqrMTSY,0,0
DtjvykWarnockPro-Bold,0,1
KmpvywWarnockPro-It,1,0
PkykgbMTSYN,0,0
XrshbvWarnockPro-It,1,0
DtvhnnMTSYN,0,0
MqcyrhWarnockPro-Regular,0,0
CsplbnTimes-Roman,0,0
YtdrdsMTSYN,0,0
BxtcrjWarnockPro-Regular,0,0
GkwnmcWarnockPro-It,1,0
HxbsjhMTSYN,0,0
BkcfsfMTSYN,0,0
McthcgMTSYN,0,0
QyxxwlWarnockPro-It,1,0
QpmwydWarnockPro-It,1,0
JfklvkMTMI,0,0
RgxfrhMTSYN,0,0
BhrjhlMTSYN,0,0
BkclxqWarnockPro-Regular,0,0
CfwqrxWarnockPro-Regular,0,0
YwkqpmMTSYN,0,0
JpnnkgMTSYN,0,0
TpdpcmMTSYN,0,0
MnmblwWarnockPro-Regular,0,0
CwgyfcMTMI,0,0
SwvcdpMTSYN,0,0
PfgwwnWarnockPro-It,1,0
DlvwlyMTSYN,0,0
VhpsjjCMEX10,0,0
SkbwgwCMEX10,0,0
YvhwflWarnockPro-It,1,0
WfpybnMTSYN,0,0
SfkgnrWarnockPro-It,1,0
NlygsnMTSYN,0,0
LjbwkwWarnockPro-Regular,0,0
MkmxrlWarnockPro-Regular,0,0
WnvgllWarnockPro-Regular,0,0
WsrnmsWarnockPro-It,1,0
RyxvxbMTMI,0,0
NxwhrtWarnockPro-It,1,0
RpddmnWarnockPro-It,1,0
VqhqrrMTMI,0,0
SpmfxnMTSYN,0,0
QrvmbyWarnockPro-It,1,0
JnwljjMTMI,0,0
SpsscxWarnockPro-It,1,0
XxrhdtMTMI,0,0
SqyrwxWarnockPro-It,1,0
HvvhqfMTSYN,0,0
FdtrpkCMEX10,0,0
YpqmytWarnockPro-It,1,0
KxpdqlMTSYN,0,0
CstrjlWarnockPro-It,1,0
CjvmjsArialMT,0,0
FldbvmArial-BoldMT,0,1
NyymdlArial-ItalicMT,1,0
FhqnnmAdvPTimes,0,0
ByfklxAdvPTimesB,0,1
TvllgwAdvNPSTim-B,0,1
VhjyyjAdvPSSym,0,0
NkyfqsAdvP4C4E74,0,0
XlvmldAdvPSSPS-AS,0,0
JgvgwxAdvSPRING-R,0,0
JpymgbAdvTir_symb,0,0
YdfdtlAdvPTimesI,1,0
JtjhstAdvPSMP10,0,0
MpwdfbAdvPSMP13,0,0
TgpfynAdvP4C4E51,0,0
PgmfwmAdvTTe45e47d2,0,0
QnrjjfAdvTT7329fd89.I,1,0
YwrkfyAdvTTaf7f9f4f.B,0,1
SlqtktAdvTTb5929f4c,0,0
NwpyxdAdvTT99c4c969,0,0
20,0,0
22,0,0
4,0,0
XprxwxAdvTT86d47313,0,0
3,0,0
JhvccjAdvTT1b53b5fb.I,1,0
SwsrvwAdvTT8861b38f.I,1,0
XjnxwwAdvP4C4E74,0,0
RqmndtAdvP4C4E51,0,0
1,0,0
MnjwksArialMT,0,0
MpscynArial-BoldMT,0,1
RqsfcgArial-ItalicMT,1,0
NswnfcAdvPTimes,0,0
NhpcyvAdvPTimesB,0,1
JqrnfjAdvNPSTim-B,0,1
HkngkbAdvPSSym,0,0
YwxgfhAdvP4C4E74,0,0
JbjvcgAdvPSSPS-AS,0,0
XchjsnAdvPSMP13,0,0
WvjywcAdvTir_symb,0,0
VpqbglAdvSPRING-R,0,0
HymvjrAdvPTimesI,1,0
HdmxspAdvP4C4E51,0,0
BqwvnfAdvPSMP10,0,0
BhrlsvAdvPSMP4,0,0
XdfhxfAdvP4C4E46,0,0
XdtrmhAdvPTimes,0,0
NwkklrAdvPTimesB,0,1
QwykknAdvNPSTim-B,0,1
QdkjkpAdvPSSym,0,0
JktwcfAdvPSSPS-AS,0,0
JxtrtqAdvP4C4E74,0,0
BxbqdyAdvSPRING-R,0,0
QyxkqyAdvPTimesI,1,0
HjprcrAdvPSMP10,0,0
LdcxmsAdvTir_symb,0,0
YcqysnMyriadPro-Regular,0,0
KwhmytMyriadPro-It,1,0
TbjxfkMyriadPro-Bold,0,1
WmcjvbMyriadPro-Light,0,0
XdmvxnMyriadPro-Semibold,0,1
KnyrwrWarnockPro-Regular,0,0
HkntxmHelvetica-Bold,0,1
HphgtpHelvetica,0,0
RcpbvxWarnockPro-It,1,0
RvvrnhMyriadPro-LightIt,1,0
TwrkdkHelvetica-Bold,0,1
PysjxjMyriadPro-SemiboldIt,1,1
WklkgwMTSY,0,0
PdfykgAdvTTe45e47d2,0,0
LxctqhAdvTT7329fd89.I,1,0
DxfjrdAdvTTaf7f9f4f.B,0,1
GfqjfpAdvTTb5929f4c,0,0
LwnsvnAdvTT99c4c969,0,0
SxtmggAdvTT1b53b5fb.I,1,0
JlgpjyAdvTT86d47313,0,0
KxpdgvAdvTT8861b38f.I,1,0
YjckmjAdvTT83913201.I,1,0
3,0,0
QpdkkkAdvTT4fa15320.B,0,1
27,0,0
WmcnsbAdvTTe45e47d2,0,0
NmskypAdvTT7329fd89.I,1,0
LyncrfAdvTTaf7f9f4f.B,0,1
XvmfshAdvTTb5929f4c,0,0
SkdrrrAdvTT99c4c969,0,0
PqssvcAdvTT86d47313,0,0
TdqnlhAdvTT8861b38f.I,1,0
HshglkHelvetica-Bold,0,1
SdskmnHelvetica,0,0
LctyhhAdvTT1b53b5fb.I,1,0
SqqwmsMyriadPro-SemiboldSemiCn,0,1
ByhvhfSButtons,0,0
CvxsflMyriadPro-SemiCn,0,0
QqkwkwAdvTTe45e47d2,0,0
MnsstrAdvTT7329fd89.I,1,0
GxxdxcAdvTTaf7f9f4f.B,0,1
WkvlfvAdvTTb5929f4c,0,0
KlswrnAdvTT99c4c969,0,0
PsfcmjAdvTT1b53b5fb.I,1,0
KrktxkAdvTT86d47313,0,0
GdkbgfAdvTT4fa15320.B,0,1
4,0,0
DmrwcdAdvTT8861b38f.I,1,0
XnwcbhAdvP4C4E46,0,0
GpkyqyAdvP4C4E74,0,0
PpldfrAdvP4C4E51,0,0
FdctrbAdvTT83913201.I,1,0
RgqhsvArialMT,0,0
FqvwwxArial-BoldMT,0,1
DnkvbhArial-ItalicMT,1,0
VvfxjsAdvTTe45e47d2,0,0
XpxpbcAdvTT7329fd89.I,1,0
XlvwcxAdvTTaf7f9f4f.B,0,1
NypfgpAdvTTb5929f4c,0,0
MyvvwxAdvTT99c4c969,0,0
GdlnjfAdvTT1b53b5fb.I,1,0
BlfyqvAdvTT86d47313,0,0
FnrgphAdvTT8861b38f.I,1,0
1,0,0
BypstkAdvTT4fa15320.B,0,1
HdpwkqAdvTT83913201.I,1,0
LxrmdrArialMT,0,0
SbcqjxArial-BoldMT,0,1
WmlstdArial-ItalicMT,1,0
CtxglbAdvTTe45e47d2,0,0
HhvfxvAdvTT7329fd89.I,1,0
CwqftqAdvTTaf7f9f4f.B,0,1
YcqrvvAdvTTb5929f4c,0,0
XxlvkwAdvTT99c4c969,0,0
KxxhgxAdvTT86d47313,0,0
PbrpwgAdvTT8861b38f.I,1,0
GlgxvwMyriadPro-SemiboldSemiCn,0,1
JngrmpSButtons,0,0
YryjpxMyriadPro-SemiCn,0,0
WarnockPro-Regular2,0,0
MTSYN,0,0
CMEX10,0,0
MTMI,0,0
SPSMTSYBBold,0,1
STIXMath-Regular,0,0
TvjqksAdvPTimes,0,0
ScjtwsAdvPTimesB,0,1
McfdcdAdvPTimesBI,0,1
KgvsyhAdvNPSTim-B,0,1
QbqdfkAdvPSSym,0,0
JxcydbAdvPTimesI,1,0
FnyklkAdvTir_symb,0,0
WssnrsAdvP4C4E74,0,0
VbrvlkAdvPSSPS-AS,0,0
JmsscdAdvSPRING-R,0,0
SngnwnAdvPSMP13,0,0
VljlyrAdvP4C4E51,0,0
GkyylpAdvP4C4E59,0,0
YhqbkdAdvP4C4E46,0,0
BrjbbcAdvPSMP10,0,0
MbybskTimesNewRomanPS-BoldMT,0,1
VglycxCalibri-Bold,0,1
LhrxgrCalibri,0,0
YpqnpjAdvTTe45e47d2,0,0
NkcrglAdvTT7329fd89.I,1,0
WlqnccAdvTTaf7f9f4f.B,0,1
JclwrdAdvTTb5929f4c,0,0
BvfbcsAdvTT99c4c969,0,0
RbftvdAdvTT1b53b5fb.I,1,0
NjxjwtAdvTT86d47313,0,0
NcggqcAdvTT8861b38f.I,1,0
RqnpcwAdvTT83913201.I,1,0
FwtxvrAdvTT4fa15320.B,0,1
BlffkcAdvP4C4E74,0,0
DpjqdhAdvP4C4E51,0,0
MhyvclMyriadPro-SemiboldSemiCn,0,1
HdtpsfSButtons,0,0
QyrvvpMyriadPro-SemiCn,0,0
Calibri-Bold2,0,1
Calibri2,0,0
Calibri-Bold3,0,1
Calibri,0,0
Calibri-Bold,0,1
WwynymAdvPTimes,0,0
MtklbfAdvPTimesB,0,1
DklsvpAdvNPSTim-B,0,1
LcjmgcAdvPSSym,0,0
QmngjyAdvP4C4E74,0,0
JjnqfnAdvPSSPS-AS,0,0
QxbqxfAdvTir_symb,0,0
NvlvttAdvSPRING-R,0,0
XdkbchAdvPTimesI,1,0
WnmkcwAdvPSMP13,0,0
DdwjylAdvP4C4E51,0,0
JgdgbrAdvPSMP4,0,0
KpmchgAdvPi1,0,0
XmwttnAdvPTimes,0,0
QrxsswAdvPTimesB,0,1
MlrylxAdvNPSTim-B,0,1
DqkxrrAdvPSSym,0,0
YrmbjxAdvP4C4E74,0,0
LflhscAdvPSSPS-AS,0,0
YtfbhkAdvSPRING-R,0,0
KgcbmyTimesNewRomanPSMT,0,0
NfdbsxSymbol,0,0
HwrsgpAdvPSMP13,0,0
JrmjxkAdvPSMP10,0,0
GhcxjgAdvTir_symb,0,0
RrcypgAdvPTimesI,1,0
MlqqjfAdvP4C4E51,0,0
YlgtrhAdvPSMP4,0,0
GkrnwwArialMT,0,0
JnfxhkArial-BoldMT,0,1
LqbwkfAdvP4C4E59,0,0
HkdpgxAdvPi1,0,0
RqqndlTimesNewRomanPS-BoldMT,0,1
XtqctjAdvTTe45e47d2,0,0
YmghkjAdvTT7329fd89.I,1,0
LnhnqvAdvTTaf7f9f4f.B,0,1
MftcknAdvTTb5929f4c,0,0
WnkjfwAdvTT99c4c969,0,0
KqkqjcAdvTT1b53b5fb.I,1,0
SqvcbwAdvTT86d47313,0,0
HnvygqAdvTT8861b38f.I,1,0
CvvndqHelvetica-Bold,0,1
KtjhdfAdvTT83913201.I,1,0
JxqwvyAdvTT837b8832.BI,0,1
RpctcxHelvetica-Bold,0,1
RqxtnxMyriadPro-SemiboldSemiCn,0,1
PmywllSButtons,0,0
KvxslsMyriadPro-SemiCn,0,0
Code2000,0,0
EuclidSymbol-Italic,1,0
Times-Bold,0,1
TimesNewRomanPS-BoldMT,0,1
TimesNewRomanPS-BoldMT2,0,1
PkqgwkAdvTTe45e47d2,0,0
NhlhjpAdvTT7329fd89.I,1,0
YbphcxAdvTTaf7f9f4f.B,0,1
JhjkjwAdvTTb5929f4c,0,0
NllvwfAdvTT99c4c969,0,0
FrvgwxAdvTT86d47313,0,0
SyvkdrAdvTT8861b38f.I,1,0
VckcltAdvTT1b53b5fb.I,1,0
GdmjcbAdvTT43ccf47d,0,0
NxsxpfAdvTT4fa15320.B,0,1
QqkwkwAdvTT5fa5645c.I,1,0
FrfnntAdvTT83913201.I,1,0
LsxgkjAdvTTdc31fe69.BI,0,1
TrjfypAdvP4C4E74,0,0
WvyxttAdvP4C4E46,0,0
LwmglmAdvP4C4E51,0,0
21,0,0
MnsstrArialMT,0,0
FdctrbArial-BoldMT,0,1
BrplgtArial-ItalicMT,1,0
CourierNewPS-BoldMT,0,1
Helvetica-Bold,0,1
Helvetica,0,0
Helvetica2,0,0
Helvetica3,0,0
Helvetica4,0,0
Helvetica5,0,0
Helvetica6,0,0
FrkwvvAdvTTe45e47d2,0,0
PhvxldAdvTT7329fd89.I,1,0
QsvwmwAdvTTaf7f9f4f.B,0,1
FbhpnjAdvTTb5929f4c,0,0
CtpdrlAdvTT99c4c969,0,0
NjqqpjAdvTT1b53b5fb.I,1,0
LrqkkyAdvTT86d47313,0,0
HtnwwfAdvTT8861b38f.I,1,0
ChftpjAdvP4C4E74,0,0
YfnfxcAdvP4C4E51,0,0
LqhfhcAdvTTdc31fe69.BI,0,1
PdsmrmAdvTT837b8832.BI,0,1
ThljfkAdvTT83913201.I,1,0
QbsgmlAdvP4C4E46,0,0
CsnkyrArialMT,0,0
SwhdysArial-BoldMT,0,1
QjxmtfArial-ItalicMT,1,0
DfffsgMyriadPro-Regular,0,0
RtylndMyriadPro-It,1,0
FpfjhqMyriadPro-Bold,0,1
HlmfjyMyriadPro-Light,0,0
FfsjqgMyriadPro-Semibold,0,1
GcfwwvWarnockPro-Regular,0,0
RksvfpWarnockPro-It,1,0
KwpknqMyriadPro-LightIt,1,0
RdnfwqMTSY,0,0
CvmxnrAdvPTimes,0,0
PbxwbxAdvPTimesB,0,1
ByrbwsAdvNPSTim-B,0,1
LltgjpAdvPSSym,0,0
WwqwrpAdvP4C4E74,0,0
QssjxyAdvPSSPS-AS,0,0
NtsgdyAdvSPRING-R,0,0
LyfjvqAdvPTimesI,1,0
VjssdxAdvPSMP10,0,0
MnkblnAdvPSMP4,0,0
NvhcxwAdvP4C4E51,0,0
LydxdsAdvP4C4E46,0,0
NqrpjsTimesNewRomanPSMT,0,0
DjthdcAdvTir_symb,0,0
LrvxclAdvP4C4E59,0,0
EuclidSymbol,0,0
ArialMT2,0,0
ArialMT3,0,0
HqbwnfAdvPTimes,0,0
RhkwcpAdvPTimesB,0,1
MqlkqdAdvNPSTim-B,0,1
HgljvkAdvPSSym,0,0
NvmbrwAdvTir_symb,0,0
WjfcmyAdvP4C4E74,0,0
FfptrvAdvPSSPS-AS,0,0
DdxgdxAdvSPRING-R,0,0
XvvxqxAdvPTimesI,1,0
CkbqkdAdvPSMP13,0,0
SfgwkpAdvP4C4E59,0,0
FmyyblArialMT,0,0
YjvndtTimesNewRomanPSMT,0,0
RsjgtrTimes-Bold,0,1
YfsykdAdvPTimes,0,0
YvntrsAdvPTimesB,0,1
VwxhqxAdvNPSTim-B,0,1
YcpwkkAdvPSSym,0,0
CwrvrgAdvP4C4E74,0,0
DsdjwpAdvPSSPS-AS,0,0
CbxwjtAdvSPRING-R,0,0
ShrbdlAdvPSMP4,0,0
CrcpkwAdvPSMP13,0,0
YwstwmAdvTir_symb,0,0
RtnvbkAdvPTimesI,1,0
DxwnddTimesNewRomanPSMT,0,0
WtldrcArial-BoldMT,0,1
XswntkArialMT,0,0
AdvP4C4E59,0,0
AdvP4C4E46,0,0
AdvP4C4E51,0,0
JdqpgsMyriadPro-Regular,0,0
VhntclMyriadPro-It,1,0
XhgmmxMyriadPro-Bold,0,1
MqvjrrMyriadPro-Light,0,0
BdmhwfWarnockPro-Regular,0,0
FttjyjWarnockPro-Light,0,0
SsptdxMyriadPro-Semibold,0,1
SqcfnrMyriadPro-LightIt,1,0
HhhtqyAdvPTimes,0,0
FgmpypAdvPTimesB,0,1
YyclxqAdvPTimesBI,0,1
JkppyhAdvNPSTim-B,0,1
KskqdhAdvPSSym,0,0
TgbnvdAdvPTimesI,1,0
JbqrhdAdvP4C4E74,0,0
VwtyhbAdvPSSPS-AS,0,0
RvxwvmAdvPSMP11,0,0
VljfxmAdvCYRIL-B,0,1
HmkjtxAdvSPRING-R,0,0
CdbpxbTimesNewRomanPS-BoldMT,0,1
VjlptgAdvPi1,0,0
YdlnjgAdvTir_symb,0,0
HkdbtpAdvPSMP13,0,0
JccvmlAdvPSMP10,0,0
PrmgkmAdvTTe45e47d2,0,0
RsqqqpAdvTT7329fd89.I,1,0
GydbcpAdvTTaf7f9f4f.B,0,1
WrwytsAdvTTb5929f4c,0,0
ThmbhhAdvTT99c4c969,0,0
LtbsllAdvTT86d47313,0,0
QwndjlAdvP4C4E74,0,0
WbdtyfAdvP4C4E51,0,0
PtgnbnArialMT,0,0
RjqwgySymbolMT,0,0
PwljnxTimesNewRomanPSMT,0,0
KmkhkkAdobeSongStd-Light-GBK-EUC-H,0,0
JvfltnSymbol,0,0
RwtcltAdvTT8861b38f.I,1,0
KndxdxAdvTT1b53b5fb.I,1,0
VrfslvArial-BoldMT,0,1
CpjfjtArial-ItalicMT,1,0
WarnockPro-Light,0,0
CnhmdpMyriadPro-Regular,0,0
KnqbsnMyriadPro-It,1,0
GqqcmgMyriadPro-Bold,0,1
QvhftjMyriadPro-Light,0,0
GcdfnqSTIXMath-Regular,0,0
CmcywpMTSY,0,0
SgfchrMyriadPro-Semibold,0,1
NbhhnjWarnockPro-Regular,0,0
SdvykdMyriadPro-SemiboldIt,1,1
TymkvfWarnockPro-It,1,0
YgvdgpWarnockPro-Regular,0,0
JrljcjMTSYN,0,0
WjxyfqSPSMTSYBBold,0,1
HdjtslArial-BoldMT,0,1
BvpndlCalibri,0,0
WmxvskMyriadPro-LightIt,1,0
DvqqygCalibri,0,0
TwtqnkArial-BoldMT,0,1
VssxmdArial-BoldMT,0,1
RxytctCalibri,0,0
VdnpkhCalibri,0,0
JqyfwqCalibri-Bold,0,1
HvnljtAdvPTimes,0,0
MchgvbAdvPTimesB,0,1
PqmmfmAdvNPSTim-B,0,1
GnpkgwAdvPSSym,0,0
JrlvwlAdvP4C4E74,0,0
MvlksqAdvPSSPS-AS,0,0
FkrmwhAdvSPRING-R,0,0
MrjgksAdvTir_symb,0,0
HqcbsmAdvP4C4E51,0,0
MmhsyjAdvPSMP13,0,0
KmrkdjAdvPSMP10,0,0
VdvbpfAdvPTimesI,1,0
HfcrwyAdvP4C4E59,0,0
VqcqhyPrwchpMyriadPro-Regular,0,0
LvkyqgVkpdbjMyriadPro-It,1,0
YjlhfvHslyknMyriadPro-Bold,0,1
LhggncQyxyvgMyriadPro-Light,0,0
QnwlvlHpvfwqMyriadPro-Semibold,0,1
StmntcLrgyfjWarnockPro-Regular,0,0
QmhpjhVnbbwdCalibri,0,0
LfvhttVmmjdvMyriadPro-LightIt,1,0
MtnwsnScyshgCalibri,0,0
TtfdnpTrprkwArialMT,0,0
JtbpnpTtnywjWarnockPro-It,1,0
GyymhcKlpdxxCalibri,0,0
BsjswnLdxbbqMTSY,0,0
TmbyjbStkktyCMR10,0,0
KrlwljJbnnmgCMBX10,0,1
QnmktqDwdfyjCMR10,0,0
SstbrqKjsrtfCode2000,0,0
PdkbwwJtmshhSPSMTSYBBold,0,1
YpjfkkBxhhflHelvetica,0,0
RqpwjxWdqddsHelvetica,0,0
TmbtdtDpjxtjHelvetica,0,0
NqskkhPrjbrjSTIXMath-Regular,0,0
AdvPTimesBI,0,1
AdvPSMP13,0,0
WarnockPro-It2,1,0
WarnockPro-It4,1,0
WarnockPro-Regular3,0,0
WarnockPro-It3,1,0
WarnockPro-Regular4,0,0
DvxyyyMyriadPro-Regular,0,0
NdjhlcMyriadPro-It,1,0
ThmghmMyriadPro-Bold,0,1
JjjnjxMyriadPro-Light,0,0
BwxjgyMyriadPro-Semibold,0,1
HhfmmyWarnockPro-Regular,0,0
DmjcwdSPSMTSYBBold,0,1
WlyfljWarnockPro-It,1,0
PrlvkyMTSY,0,0
RtgbkjArialMT,0,0
CnkbdfWarnockPro-Light,0,0
WgcyxmArialMT,0,0
XbkjchArialMT,0,0
RlsvprMyriadPro-LightIt,1,0
BqyjbfArialMT,0,0
SbgfktArialMT,0,0
NjxskwArialMT,0,0
VnrbwrArial-BoldMT,0,1
VwsblvArial-ItalicMT,1,0
HnmhlhAdvPTimes,0,0
PymmnxAdvPTimesB,0,1
VbqbcjAdvNPSTim-B,0,1
MtnftyAdvPSSym,0,0
MjtfdrAdvTir_symb,0,0
GxstsvAdvPSSPS-AS,0,0
SkbknlAdvP4C4E74,0,0
NsyqvvAdvPSMSAM10,0,0
TybjdjAdvPSMP13,0,0
TsklqcAdvPTimesI,1,0
YhgfgnAdvP4C4E51,0,0
PpsqjvAdvSPRING-R,0,0
JhlndqAdvPSMP4,0,0
FwcbbgAdvP4C4E46,0,0
CfsjfwAdvPSMP10,0,0
HvbbtkAdvP4C4E59,0,0
XnyyyjAdvTTe45e47d2,0,0
LkpjktAdvTT7329fd89.I,1,0
PfmqlwAdvTTaf7f9f4f.B,0,1
MplkycAdvTTb5929f4c,0,0
PqkrmlAdvTT99c4c969,0,0
HpcylkAdvTT1b53b5fb.I,1,0
XgvjplAdvTT8861b38f.I,1,0
MjjkbjAdvTT86d47313,0,0
HqkpgnAdvTT83913201.I,1,0
NpdgvnHelvetica-Bold,0,1
JslbjtHelvetica,0,0
CwywhlHelvetica-BoldOblique,0,1
YgbhswMyriadPro-SemiboldSemiCn,0,1
VcsbykSButtons,0,0
RbsyklMyriadPro-SemiCn,0,0
Arial-ItalicMT,1,0
Verdana,0,0
QpxxrvMyriadPro-Regular,0,0
HsfljgMyriadPro-It,1,0
ThdmtwMyriadPro-Bold,0,1
DchbrqMyriadPro-Light,0,0
VfkknxMyriadPro-LightIt,1,0
WghrmqMyriadPro-Semibold,0,1
NjswnxWarnockPro-Regular,0,0
MfgpbgWarnockPro-It,1,0
HcsfqrWarnockPro-It,1,0
QcsqynWarnockPro-It,1,0
YqtprgWarnockPro-It,1,0
BqsmhbMTSYN,0,0
KlpcnbWarnockPro-Regular,0,0
GlptjfCMEX10,0,0
YchmcmMTMI,0,0
BmfjgyWarnockPro-It,1,0
RljgbsWarnockPro-Regular,0,0
JpsdqbWarnockPro-It,1,0
YqtnrwMTSYN,0,0
MsmytmCMEX10,0,0
BbxkcdWarnockPro-Regular,0,0
VhfmnxWarnockPro-It,1,0
GqcptjWarnockPro-It,1,0
BtmxxnWarnockPro-It,1,0
DcldxlMTSYN,0,0
CrtpcjWarnockPro-It,1,0
QrwmkvMTSY,0,0
BrhvprMyriadPro-Semibold,0,1
TgpwxxMTSYB,0,0
JlvmqqMyriadPro-Semibold,0,1
FtytqvMTSYB,0,0
JcdpjnMTSYN,0,0
LmvpbyWarnockPro-It,1,0
NvpsfdMTSYN,0,0
CjppglWarnockPro-Regular,0,0
SpkmjdWarnockPro-Regular,0,0
YvbgbbWarnockPro-It,1,0
GhdrjwWarnockPro-Regular,0,0
XgxvllWarnockPro-Regular,0,0
JtmjwsMTSYN,0,0
FsfyphWarnockPro-It,1,0
RhgftcMyriadPro-Semibold,0,1
LbcrmnMTSYB,0,0
FnrvscMyriadPro-Semibold,0,1
DrfdckMTSYN,0,0
STIX-Regular,0,0
URWPalladioL-Ital,1,0
URWPalladioL-Bold,0,1
URWPalladioL-Roma,0,0
VnURWPalladioL,0,0
EURM10,0,0
TimesNewRomanPS-BoldItalicMT,1,1
CMSY10,0,0
PazoMath-Italic,1,0
PalatinoLinotype,0,0
TeXGyreAdventor-Bold,0,1
CMR10,0,0
TimesNewRoman,0,0
SimSun,0,0
Symbol,0,0
Arial,0,0
URWPalladioL-BoldItal,1,1
PazoMath,0,0
EURM7,0,0
CMMI10,1,0
CambriaMath,0,0
TeX-matha10,0,0
TeX-matha8,0,0
PalatinoLinotype-Italic,1,0
PalatinoLinotype-Bold,0,1
PalatinoLinotype-Roman,0,0
Arial-BoldItalicMT,1,1
TeX-matha9,0,0
PalatinoLinotype-BoldItalic,1,1
PazoMath-Bold,0,1
TeX-mathx10,0,0
MSBM10,0,0
CMSY9,0,0
Times New Roman,0,0
é»‘ä½“,0,0
å®‹ä½“,0,0
MicrosoftYaHei,0,0
BellMT,0,0
PazoMath-BoldItalic,1,1
CMBSY10,0,0
EURB7,0,0
EURB10,0,0
SourceSansRoman-Regular,0,0
SourceSansRoman.613wght,0,0
SourceSansRoman-Bold,0,1
MSUIGothic,0,0
MTExtra,0,0
Palatino Linotype,0,0
SFSS0500,0,0
MSMincho,0,0
CMTT10,0,0
Times,0,0
Lato-Regular,0,0
Cambria Math,0,0
TeX-matha7,0,0
CMBX10,0,1
Times-Roman,0,0
TimesNewRomanPS-ItalicMT,1,0
Cambria,0,0
Meiryo,0,0
NSimSun,0,0
ArialMT-Bold,0,1
SymbolMT,0,0
VnURWPalladioL-Bold,0,1
EuclidExtra,0,0
Gulim,0,0
ArialUnicodeMS,0,0
VnURWPalladioL-Italic,1,0
NewCenturySchlbk-Roman,0,0
NewCenturySchlbk-Bold,0,1
NewCenturySchlbk-Italic,1,0
RMTMI,0,0
CMTT8,0,0
MTEX,0,0
CMTI10,0,0
CMTI7,0,0
LinBiolinumTB,0,0
LinBiolinumT,0,0
LinLibertineT,0,0
LinLibertineTB,0,0
LinLibertineTI,0,0
txsy,0,0
rtxmi,0,0
LinBiolinumTI,0,0
Inconsolata-zi4r,0,0
LinLibertineI,0,0
LinLibertine,0,0
rtxr,0,0
LinLibertineTBI,0,0
LinLibertineI7,0,0
MSAM10,0,0
LinLibertineTZ,0,0
txsya,0,0
rtxmi7,0,0
txsyc,0,0
LinLibertineI5,0,0
rtxmi5,0,0
txex-bar,0,1
txbsy,0,0
txex,0,0
EUFM10,0,0
txsyb,0,0
LinLibertineZI,0,0
LinLibertineZI7,0,0
LinLibertineZI5,0,0
rtxb,0,0
MSAM7,0,0
LinLibertineZ,0,0
rtxbmi-rev,0,0
txmia,0,0
rntxmi,0,0
stmary10,0,0
LCIRCLE10,0,0
Times-Italic,1,0
Times-BoldItalic,1,1
CMMIB10,1,0
MSBM7,0,0
Courier-Bold,0,1
Courier,0,0
ZapfDingbats,0,0
CMTT9,0,0
CenturySchoolbook,0,0
CenturySchoolbook-Bold,0,1
CenturySchoolbook-Italic,1,0
CMSY8,0,0
CMTI8,0,0
CMITT10,1,0
NewCenturySchlbk-BoldItalic,1,1
LucidaSansUnicode22,0,0
Wingdings,0,0
rntxmi5,0,0
RMTMIB,0,0
TimesNewRomanPS-Bold,0,1
TimesNewRomanPS-Italic,1,0
TimesNewRomanPS,0,0
MTSYB,0,0
Helvetica-Oblique,0,0
Helvetica-BoldOblique,0,1
VAGRoundedStd-Bold,0,1
Cambria-Bold,0,1
Caecilia-LightSC,0,0
Univers,0,0
Caecilia-Roman,0,0
Caecilia-Heavy,0,0
GulliverRM,0,0
OneGulliverA,0,0
OnemtmiguAAAA,0,0
GulliverIT,1,0
GulliverSCOsF,0,0
GulliverBL,0,0
MATHG-1A,0,0
AdvP4DF60E,0,0
AdvUnivers,0,0
AdvMacMthRm,0,0
AdvTA42,0,0
AdvP4DF60F,0,0
AdvGulliver-SCO,0,0
AdvPi1,0,0
AdvMacMthSyN,0,0
AdvEls-ent4,0,0
AdvP4DF614,0,0
AdvEls-ent3,0,0
AdvPi2,0,0
AdvEls-ent5,0,0
AdvGulliver,0,0
AdvEls-ent8,0,0
AdvEls-ent2,0,0
AdvMacAccR,0,0
AdvOT863180fb,0,0
fb,0,0
AdvOTb92eb7df.I,1,0
AdvOTc4d0b532,0,0
AdvGulliverMath-I,1,0
AdvOTb83ee1dd.B,0,1
26,0,0
AdvGreek_B,0,0
AdvGulliv-R,0,0
AdvPSUnv,0,0
AdvGulliv-I,1,0
AdvCORRESAST,0,0
AdvGulliv-F,0,0
AdvGulliv-B,0,1
AdvPSMP4,0,0
Arial Bold,0,1
AdvMacAccI,0,0
AdvEls-Ent1,0,0
RBLMI,0,0
BLEX,0,0
OneGulliver-ItalicA,1,0
AdvArial,0,0
AdvCAECI-H,0,0
AdvCAECI-HI,0,0
AdvCAECI-BI,0,1
AdvCAECI-B,0,1
AdvCAECI-R,0,0
AdvCAECI-I,1,0
AdvCAECI-SC,0,0
AdvNEWPSTim,0,0
AdvOTf9433e2d,0,0
AdvOT404f8e91.BI,0,1
NimbusRomNo9L-Regu,0,0
NimbusRomNo9L-ReguItal,1,0
NimbusRomNo9L-Medi,0,0
rtxsc,0,0
TrebuchetMS,0,0
TrebuchetMS-Bold,0,1
TrebuchetMS-Italic,1,0
BSSymbol-Medium,0,0
UniversLTStd,0,0
GulliverBI,0,0
MarVoSym,0,0
CharisSIL,0,0
AdvOT596495f2,0,0
AdvOT0de51fd2,0,0
AdvOT7fb33346.I,1,0
AdvOT1efcda3b.B,0,1
CharisSIL-Italic,1,0
STIXTwoText,0,0
STIXTwoMath,0,0
AdvPAC3D,0,0
AdvOTf2586c63.I,1,0
AdvTT3f84ef53,0,0
AdvOT18499c10.B,0,1
AdvP7DA6,0,0
AdvTT7b515deb,0,0
STIXTwoText-Italic,1,0
25,0,0
23,0,0
AdvPS.MH6,0,0
Tahomanew,0,0
TrajanPro-Regular,0,0
AdvOT8608a8d1,0,0
Gulliver,0,0
STIXGeneral-Regular,0,0
Gulliver-Italic,1,0
STIXSizeOneSym-Regular,0,0
Gulliver-Bold,0,1
CMSY7,0,0
GillSansMT-Bold,0,1
GillSansMT-BoldItalic,1,1
SwiftNeueLTPro-Book,0,1
SwiftNeueLTPro-BookItalic,1,1
SwiftNeueLTPro-Regular,0,0
ChaparralPro-Bold,0,1
GillSansMTPro-Bold,0,1
SwiftNeueLTPro-BoldItalic,1,1
GaramondPremrPro-Capt,0,0
GillSansMT,0,0
AdvMacMthIt,1,0
Msam10,0,0
MathematicalPi-Six,0,0
AdvMacT_R,0,0
FormataOTF-Reg,0,0
GiovanniStd-BookItalic,1,1
FormataOTFCond-Md,0,0
FormataOTFMd,0,0
TimesLTStd-Roman,0,0
FormataOTF-Bold,0,1
FormataOTF-Italic,1,0
TimesLTStd-Italic,1,0
FormataOTFMdIt,1,0
MT2HRBT,0,0
TimesLTStd-Bold,0,1
EUFM7,0,0
CMBSY7,0,0
NimbusRomNo9L-MediItal,1,0
CMR7,0,0
CMMI7,1,0
CMR8,0,0
CMMI8,1,0
CMMI6,1,0
CMR6,0,0
CMSY6,0,0
CMR9,0,0
CMMI9,1,0
TimesNewRomanPSMT-00,0,0
TimesNewRomanPS-BoldMT-00,0,1
TimesLTStd-BoldItalic,1,1
NimbusMonL-Regu,0,0
Helvetica-Narrow-Oblique,0,0
CMR5,0,0
rsfs10,0,0
rsfs5,0,0
FrutigerLTStd-Cn,0,0
HelveticaLTStd-Roman,0,0
FolioStd-BoldCondensed,0,1
ITCGaramondStd-Bk,1,1
ITCGaramondStd-BkCondIta,1,1
FrutigerLTStd-Light,0,0
Wingdings2,0,0
FrutigerLTStd-ExtraBlackCn,0,0
ITCGaramondStd-BkIta,1,1
FrutigerLTStd-BlackCn,0,1
ITCGaramondStd-BdIta,1,1
MMGreek,0,0
MMEtc,0,0
FrutigerLTStd-CondensedItalic,1,0
MMTimesRoman,0,0
MMGreekItalic,1,0
SymbolObliquePlain,0,0
MMRelation,0,0
FrutigerLTStd-Roman,0,0
FrutigerLTStd-Italic,1,0
MMVariable,0,0
MMNegate,0,0
MMVariableB,0,0
MMaPascal-Regular,0,0
MMBinary,0,0
MMArrow,0,0
ZapfDingbatsStd,0,0
MMExtra,0,0
FrutigerLTStd-BoldItalic,1,1
MMVariableA,0,0
MTEXB,0,0
Formata-Regular,0,0
Formata-Medium,0,0
Formata-Bold,0,1
Formata-Italic,1,0
MTGU,0,0
FormataOTFCond-MdIt,1,0
EUSM10,0,0
EUSM7,0,0
